BugId,ProbCoup
1,0.142857
3,0.333333
4,0.04
5,0.333333
6,0.04
7,1
8,1
9,1
10,1
11,0.333333
12,1
13,1
14,0.5
15,1
16,0.5
17,0.0454545
18,1
19,0.5
20,1
21,1
22,1
23,0.2
24,1
25,0.0454545
26,1
27,1
28,0.333333
29,1
30,0.666667
31,0.5
32,1
33,1
34,1
35,1
36,1
37,0.25
38,1
39,1
40,0.5
41,1
42,0.333333
43,1
44,0.333333
45,1
46,0.5
47,0.4
48,0.0588235
49,1
50,1
51,1
52,1
53,0.5
54,0.5
55,0.5
56,0.0714286
57,1
58,0.5
59,0.333333
60,0.5
61,0.5
62,0.333333
63,1
64,0.2
65,0.5
