BugId;ProbCoup
1;0.5
3;0.666667
5;0.333333
7;1
11;1
12;1
15;1
16;1
23;1
24;1
27;1
36;1
44;1
53;1
54;1
55;1
57;1
65;1